Input Amount,Price Impact,Input Token Address,Output Token Address,Output Amount,Exchange Rate,Asset
2614.709638703171,0.0002,0xe72b141df173b999ae7c1adcbf60cc9833ce56a8,0xc02aaa39b223fe8d0a0e5c4f27ead9083c756cc2,1.02,1.02,ETH+ Mainnet
52294.19277406342,0.0033,0xe72b141df173b999ae7c1adcbf60cc9833ce56a8,0xc02aaa39b223fe8d0a0e5c4f27ead9083c756cc2,20.43,1.0215,ETH+ Mainnet
101973.67590942368,0.0092,0xe72b141df173b999ae7c1adcbf60cc9833ce56a8,0xc02aaa39b223fe8d0a0e5c4f27ead9083c756cc2,39.84,1.0215384615384615,ETH+ Mainnet
151653.1590447839,0.0205,0xe72b141df173b999ae7c1adcbf60cc9833ce56a8,0xc02aaa39b223fe8d0a0e5c4f27ead9083c756cc2,59.24,1.0213793103448277,ETH+ Mainnet
201332.64218014415,0.0419,0xe72b141df173b999ae7c1adcbf60cc9833ce56a8,0xc02aaa39b223fe8d0a0e5c4f27ead9083c756cc2,78.62,1.0210389610389612,ETH+ Mainnet
251012.12531550444,0.0778,0xe72b141df173b999ae7c1adcbf60cc9833ce56a8,0xc02aaa39b223fe8d0a0e5c4f27ead9083c756cc2,97.99,1.020729166666667,ETH+ Mainnet
300691.6084508647,0.1311,0xe72b141df173b999ae7c1adcbf60cc9833ce56a8,0xc02aaa39b223fe8d0a0e5c4f27ead9083c756cc2,117.32,1.0201739130434782,ETH+ Mainnet
350371.0915862249,0.2025,0xe72b141df173b999ae7c1adcbf60cc9833ce56a8,0xc02aaa39b223fe8d0a0e5c4f27ead9083c756cc2,136.6,1.019402985074627,ETH+ Mainnet
400050.5747215852,0.291,0xe72b141df173b999ae7c1adcbf60cc9833ce56a8,0xc02aaa39b223fe8d0a0e5c4f27ead9083c756cc2,155.83,1.0184967320261438,ETH+ Mainnet
449730.05785694544,0.395,0xe72b141df173b999ae7c1adcbf60cc9833ce56a8,0xc02aaa39b223fe8d0a0e5c4f27ead9083c756cc2,175.0,1.0174418604651163,ETH+ Mainnet
499409.5409923057,0.5126,0xe72b141df173b999ae7c1adcbf60cc9833ce56a8,0xc02aaa39b223fe8d0a0e5c4f27ead9083c756cc2,194.1,1.0162303664921466,ETH+ Mainnet
549089.0241276659,0.6418,0xe72b141df173b999ae7c1adcbf60cc9833ce56a8,0xc02aaa39b223fe8d0a0e5c4f27ead9083c756cc2,213.13,1.014904761904762,ETH+ Mainnet
598768.5072630262,0.7812,0xe72b141df173b999ae7c1adcbf60cc9833ce56a8,0xc02aaa39b223fe8d0a0e5c4f27ead9083c756cc2,232.08,1.0134497816593886,ETH+ Mainnet
648447.9903983864,0.9292,0xe72b141df173b999ae7c1adcbf60cc9833ce56a8,0xc02aaa39b223fe8d0a0e5c4f27ead9083c756cc2,250.96,1.0119354838709678,ETH+ Mainnet
698127.4735337467,1.0847,0xe72b141df173b999ae7c1adcbf60cc9833ce56a8,0xc02aaa39b223fe8d0a0e5c4f27ead9083c756cc2,269.76,1.0103370786516854,ETH+ Mainnet
747806.956669107,1.2467,0xe72b141df173b999ae7c1adcbf60cc9833ce56a8,0xc02aaa39b223fe8d0a0e5c4f27ead9083c756cc2,288.48,1.0086713286713287,ETH+ Mainnet
797486.4398044671,1.4142,0xe72b141df173b999ae7c1adcbf60cc9833ce56a8,0xc02aaa39b223fe8d0a0e5c4f27ead9083c756cc2,307.12,1.006950819672131,ETH+ Mainnet
847165.9229398274,1.5866,0xe72b141df173b999ae7c1adcbf60cc9833ce56a8,0xc02aaa39b223fe8d0a0e5c4f27ead9083c756cc2,325.68,1.0051851851851852,ETH+ Mainnet
896845.4060751877,1.8349,0xe72b141df173b999ae7c1adcbf60cc9833ce56a8,0xc02aaa39b223fe8d0a0e5c4f27ead9083c756cc2,343.91,1.00265306122449,ETH+ Mainnet
946524.889210548,2.2089,0xe72b141df173b999ae7c1adcbf60cc9833ce56a8,0xc02aaa39b223fe8d0a0e5c4f27ead9083c756cc2,361.58,0.9988397790055248,ETH+ Mainnet
996204.3723459082,2.7436,0xe72b141df173b999ae7c1adcbf60cc9833ce56a8,0xc02aaa39b223fe8d0a0e5c4f27ead9083c756cc2,378.48,0.9933858267716535,ETH+ Mainnet
1045883.8554812684,3.3828,0xe72b141df173b999ae7c1adcbf60cc9833ce56a8,0xc02aaa39b223fe8d0a0e5c4f27ead9083c756cc2,394.75,0.986875,ETH+ Mainnet
1095563.338616629,4.1848,0xe72b141df173b999ae7c1adcbf60cc9833ce56a8,0xc02aaa39b223fe8d0a0e5c4f27ead9083c756cc2,410.07,0.9786873508353222,ETH+ Mainnet
1145242.821751989,5.1142,0xe72b141df173b999ae7c1adcbf60cc9833ce56a8,0xc02aaa39b223fe8d0a0e5c4f27ead9083c756cc2,424.51,0.9692009132420092,ETH+ Mainnet
1194922.3048873493,6.136,0xe72b141df173b999ae7c1adcbf60cc9833ce56a8,0xc02aaa39b223fe8d0a0e5c4f27ead9083c756cc2,438.16,0.9587746170678336,ETH+ Mainnet
1244601.7880227095,7.2376,0xe72b141df173b999ae7c1adcbf60cc9833ce56a8,0xc02aaa39b223fe8d0a0e5c4f27ead9083c756cc2,451.02,0.9475210084033612,ETH+ Mainnet
1294281.2711580696,8.4018,0xe72b141df173b999ae7c1adcbf60cc9833ce56a8,0xc02aaa39b223fe8d0a0e5c4f27ead9083c756cc2,463.14,0.9356363636363636,ETH+ Mainnet
1343960.75429343,9.6249,0xe72b141df173b999ae7c1adcbf60cc9833ce56a8,0xc02aaa39b223fe8d0a0e5c4f27ead9083c756cc2,474.49,0.9231322957198445,ETH+ Mainnet
1393640.2374287902,10.8645,0xe72b141df173b999ae7c1adcbf60cc9833ce56a8,0xc02aaa39b223fe8d0a0e5c4f27ead9083c756cc2,485.29,0.9104878048780488,ETH+ Mainnet
1.0,0.0,0xa0d69e286b938e21cbf7e51d71f6a4c8918f482f,0xa0b86991c6218b36c1d19d4a2e9eb0ce3606eb48,1.0,1.0,eUSD Mainnet
50001.0,0.0084,0xa0d69e286b938e21cbf7e51d71f6a4c8918f482f,0xa0b86991c6218b36c1d19d4a2e9eb0ce3606eb48,50025.04,1.0004807903841924,eUSD Mainnet
100001.0,0.0166,0xa0d69e286b938e21cbf7e51d71f6a4c8918f482f,0xa0b86991c6218b36c1d19d4a2e9eb0ce3606eb48,100042.0,1.000409995900041,eUSD Mainnet
150001.0,0.0241,0xa0d69e286b938e21cbf7e51d71f6a4c8918f482f,0xa0b86991c6218b36c1d19d4a2e9eb0ce3606eb48,150050.9,1.0003326644489037,eUSD Mainnet
200001.0,0.0275,0xa0d69e286b938e21cbf7e51d71f6a4c8918f482f,0xa0b86991c6218b36c1d19d4a2e9eb0ce3606eb48,200059.7,1.0002934985325074,eUSD Mainnet
250001.0,0.0337,0xa0d69e286b938e21cbf7e51d71f6a4c8918f482f,0xa0b86991c6218b36c1d19d4a2e9eb0ce3606eb48,250058.52,1.0002300790796836,eUSD Mainnet
300001.0,0.0398,0xa0d69e286b938e21cbf7e51d71f6a4c8918f482f,0xa0b86991c6218b36c1d19d4a2e9eb0ce3606eb48,300051.47,1.0001682327725574,eUSD Mainnet
350001.0,0.0457,0xa0d69e286b938e21cbf7e51d71f6a4c8918f482f,0xa0b86991c6218b36c1d19d4a2e9eb0ce3606eb48,350038.68,1.0001076568352665,eUSD Mainnet
400001.0,0.0517,0xa0d69e286b938e21cbf7e51d71f6a4c8918f482f,0xa0b86991c6218b36c1d19d4a2e9eb0ce3606eb48,400020.21,1.000048024879938,eUSD Mainnet
450001.0,0.0575,0xa0d69e286b938e21cbf7e51d71f6a4c8918f482f,0xa0b86991c6218b36c1d19d4a2e9eb0ce3606eb48,449996.07,0.99998904446879,eUSD Mainnet
500001.0,0.0633,0xa0d69e286b938e21cbf7e51d71f6a4c8918f482f,0xa0b86991c6218b36c1d19d4a2e9eb0ce3606eb48,499966.22,0.9999304401391196,eUSD Mainnet
550001.0,0.0691,0xa0d69e286b938e21cbf7e51d71f6a4c8918f482f,0xa0b86991c6218b36c1d19d4a2e9eb0ce3606eb48,549930.58,0.9998719638691566,eUSD Mainnet
600001.0,0.075,0xa0d69e286b938e21cbf7e51d71f6a4c8918f482f,0xa0b86991c6218b36c1d19d4a2e9eb0ce3606eb48,599889.03,0.9998133836443608,eUSD Mainnet
650001.0,0.0808,0xa0d69e286b938e21cbf7e51d71f6a4c8918f482f,0xa0b86991c6218b36c1d19d4a2e9eb0ce3606eb48,649841.39,0.9997544465316208,eUSD Mainnet
700001.0,0.0868,0xa0d69e286b938e21cbf7e51d71f6a4c8918f482f,0xa0b86991c6218b36c1d19d4a2e9eb0ce3606eb48,699787.44,0.9996949147215504,eUSD Mainnet
750001.0,0.0928,0xa0d69e286b938e21cbf7e51d71f6a4c8918f482f,0xa0b86991c6218b36c1d19d4a2e9eb0ce3606eb48,749726.9,0.9996345338206216,eUSD Mainnet
800001.0,0.0989,0xa0d69e286b938e21cbf7e51d71f6a4c8918f482f,0xa0b86991c6218b36c1d19d4a2e9eb0ce3606eb48,799659.47,0.99957308803364,eUSD Mainnet
850001.0,0.1051,0xa0d69e286b938e21cbf7e51d71f6a4c8918f482f,0xa0b86991c6218b36c1d19d4a2e9eb0ce3606eb48,849584.76,0.999510306458463,eUSD Mainnet
900001.0,0.1116,0xa0d69e286b938e21cbf7e51d71f6a4c8918f482f,0xa0b86991c6218b36c1d19d4a2e9eb0ce3606eb48,899502.37,0.9994459672822584,eUSD Mainnet
950001.0,0.1181,0xa0d69e286b938e21cbf7e51d71f6a4c8918f482f,0xa0b86991c6218b36c1d19d4a2e9eb0ce3606eb48,949411.83,0.9993798217054508,eUSD Mainnet
1000001.0,0.1249,0xa0d69e286b938e21cbf7e51d71f6a4c8918f482f,0xa0b86991c6218b36c1d19d4a2e9eb0ce3606eb48,999312.62,0.9993116206883792,eUSD Mainnet
1050001.0,0.1319,0xa0d69e286b938e21cbf7e51d71f6a4c8918f482f,0xa0b86991c6218b36c1d19d4a2e9eb0ce3606eb48,1049204.17,0.9992411150084618,eUSD Mainnet
1100001.0,0.1392,0xa0d69e286b938e21cbf7e51d71f6a4c8918f482f,0xa0b86991c6218b36c1d19d4a2e9eb0ce3606eb48,1099085.88,0.9991680734835696,eUSD Mainnet
1150001.0,0.1468,0xa0d69e286b938e21cbf7e51d71f6a4c8918f482f,0xa0b86991c6218b36c1d19d4a2e9eb0ce3606eb48,1148957.09,0.9990922529632584,eUSD Mainnet
1200001.0,0.1546,0xa0d69e286b938e21cbf7e51d71f6a4c8918f482f,0xa0b86991c6218b36c1d19d4a2e9eb0ce3606eb48,1198817.08,0.999013400822166,eUSD Mainnet
1250001.0,0.1628,0xa0d69e286b938e21cbf7e51d71f6a4c8918f482f,0xa0b86991c6218b36c1d19d4a2e9eb0ce3606eb48,1248665.11,0.998931288854969,eUSD Mainnet
1300001.0,0.1713,0xa0d69e286b938e21cbf7e51d71f6a4c8918f482f,0xa0b86991c6218b36c1d19d4a2e9eb0ce3606eb48,1298500.38,0.998845677811017,eUSD Mainnet
1350001.0,0.1802,0xa0d69e286b938e21cbf7e51d71f6a4c8918f482f,0xa0b86991c6218b36c1d19d4a2e9eb0ce3606eb48,1348322.05,0.9987563342545672,eUSD Mainnet
1400001.0,0.1895,0xa0d69e286b938e21cbf7e51d71f6a4c8918f482f,0xa0b86991c6218b36c1d19d4a2e9eb0ce3606eb48,1398129.19,0.9986629938121472,eUSD Mainnet
1450001.0,0.1992,0xa0d69e286b938e21cbf7e51d71f6a4c8918f482f,0xa0b86991c6218b36c1d19d4a2e9eb0ce3606eb48,1447920.83,0.9985654009893786,eUSD Mainnet
1500001.0,0.2094,0xa0d69e286b938e21cbf7e51d71f6a4c8918f482f,0xa0b86991c6218b36c1d19d4a2e9eb0ce3606eb48,1497695.93,0.9984632876911416,eUSD Mainnet
1550001.0,0.22,0xa0d69e286b938e21cbf7e51d71f6a4c8918f482f,0xa0b86991c6218b36c1d19d4a2e9eb0ce3606eb48,1547453.31,0.9983563300926904,eUSD Mainnet
1600001.0,0.2312,0xa0d69e286b938e21cbf7e51d71f6a4c8918f482f,0xa0b86991c6218b36c1d19d4a2e9eb0ce3606eb48,1597192.33,0.998244582347136,eUSD Mainnet
1650001.0,0.2429,0xa0d69e286b938e21cbf7e51d71f6a4c8918f482f,0xa0b86991c6218b36c1d19d4a2e9eb0ce3606eb48,1646910.37,0.998126892044308,eUSD Mainnet
1700001.0,0.2552,0xa0d69e286b938e21cbf7e51d71f6a4c8918f482f,0xa0b86991c6218b36c1d19d4a2e9eb0ce3606eb48,1696606.4,0.9980031776451896,eUSD Mainnet
1750001.0,0.2682,0xa0d69e286b938e21cbf7e51d71f6a4c8918f482f,0xa0b86991c6218b36c1d19d4a2e9eb0ce3606eb48,1746278.59,0.9978729097869088,eUSD Mainnet
1800001.0,0.2819,0xa0d69e286b938e21cbf7e51d71f6a4c8918f482f,0xa0b86991c6218b36c1d19d4a2e9eb0ce3606eb48,1795924.84,0.99773546792474,eUSD Mainnet
1850001.0,0.2964,0xa0d69e286b938e21cbf7e51d71f6a4c8918f482f,0xa0b86991c6218b36c1d19d4a2e9eb0ce3606eb48,1845542.74,0.9975901310323616,eUSD Mainnet
1900001.0,0.3118,0xa0d69e286b938e21cbf7e51d71f6a4c8918f482f,0xa0b86991c6218b36c1d19d4a2e9eb0ce3606eb48,1895129.47,0.9974360381915588,eUSD Mainnet
1950001.0,0.3281,0xa0d69e286b938e21cbf7e51d71f6a4c8918f482f,0xa0b86991c6218b36c1d19d4a2e9eb0ce3606eb48,1944681.72,0.9972721655014536,eUSD Mainnet
2000001.0,0.3456,0xa0d69e286b938e21cbf7e51d71f6a4c8918f482f,0xa0b86991c6218b36c1d19d4a2e9eb0ce3606eb48,1994195.61,0.9970973064513468,eUSD Mainnet
2050001.0,0.3643,0xa0d69e286b938e21cbf7e51d71f6a4c8918f482f,0xa0b86991c6218b36c1d19d4a2e9eb0ce3606eb48,2043666.51,0.9969100063853628,eUSD Mainnet
2100001.0,0.3844,0xa0d69e286b938e21cbf7e51d71f6a4c8918f482f,0xa0b86991c6218b36c1d19d4a2e9eb0ce3606eb48,2093088.87,0.9967085110911852,eUSD Mainnet
2150001.0,0.4061,0xa0d69e286b938e21cbf7e51d71f6a4c8918f482f,0xa0b86991c6218b36c1d19d4a2e9eb0ce3606eb48,2142456.01,0.996490703957812,eUSD Mainnet
2200001.0,0.4298,0xa0d69e286b938e21cbf7e51d71f6a4c8918f482f,0xa0b86991c6218b36c1d19d4a2e9eb0ce3606eb48,2191759.79,0.996253997157274,eUSD Mainnet
2250001.0,0.4556,0xa0d69e286b938e21cbf7e51d71f6a4c8918f482f,0xa0b86991c6218b36c1d19d4a2e9eb0ce3606eb48,2240990.2,0.9959952017799104,eUSD Mainnet
2300001.0,0.4841,0xa0d69e286b938e21cbf7e51d71f6a4c8918f482f,0xa0b86991c6218b36c1d19d4a2e9eb0ce3606eb48,2290134.78,0.9957103409955038,eUSD Mainnet
2350001.0,0.5156,0xa0d69e286b938e21cbf7e51d71f6a4c8918f482f,0xa0b86991c6218b36c1d19d4a2e9eb0ce3606eb48,2339177.92,0.9953944360023677,eUSD Mainnet
2400001.0,0.5509,0xa0d69e286b938e21cbf7e51d71f6a4c8918f482f,0xa0b86991c6218b36c1d19d4a2e9eb0ce3606eb48,2388099.69,0.995041122899532,eUSD Mainnet
2450001.0,0.5908,0xa0d69e286b938e21cbf7e51d71f6a4c8918f482f,0xa0b86991c6218b36c1d19d4a2e9eb0ce3606eb48,2436874.41,0.9946422103501182,eUSD Mainnet
2500001.0,0.6363,0xa0d69e286b938e21cbf7e51d71f6a4c8918f482f,0xa0b86991c6218b36c1d19d4a2e9eb0ce3606eb48,2485468.35,0.9941869423252232,eUSD Mainnet
2550001.0,0.6888,0xa0d69e286b938e21cbf7e51d71f6a4c8918f482f,0xa0b86991c6218b36c1d19d4a2e9eb0ce3606eb48,2533836.52,0.99366099072118,eUSD Mainnet
2600001.0,0.7504,0xa0d69e286b938e21cbf7e51d71f6a4c8918f482f,0xa0b86991c6218b36c1d19d4a2e9eb0ce3606eb48,2581917.73,0.993044898828885,eUSD Mainnet
2650001.0,0.8237,0xa0d69e286b938e21cbf7e51d71f6a4c8918f482f,0xa0b86991c6218b36c1d19d4a2e9eb0ce3606eb48,2629626.97,0.992311689693702,eUSD Mainnet
2700001.0,0.9125,0xa0d69e286b938e21cbf7e51d71f6a4c8918f482f,0xa0b86991c6218b36c1d19d4a2e9eb0ce3606eb48,2676843.48,0.991423143917354,eUSD Mainnet
2750001.0,1.0224,0xa0d69e286b938e21cbf7e51d71f6a4c8918f482f,0xa0b86991c6218b36c1d19d4a2e9eb0ce3606eb48,2723391.63,0.9903238689731384,eUSD Mainnet
2800001.0,1.0827,0xa0d69e286b938e21cbf7e51d71f6a4c8918f482f,0xa0b86991c6218b36c1d19d4a2e9eb0ce3606eb48,2770503.2,0.9894650751910448,eUSD Mainnet
2850001.0,1.2598,0xa0d69e286b938e21cbf7e51d71f6a4c8918f482f,0xa0b86991c6218b36c1d19d4a2e9eb0ce3606eb48,2814923.64,0.9876921587045058,eUSD Mainnet
2900001.0,1.4972,0xa0d69e286b938e21cbf7e51d71f6a4c8918f482f,0xa0b86991c6218b36c1d19d4a2e9eb0ce3606eb48,2857416.51,0.9853156981670006,eUSD Mainnet
2950001.0,1.9117,0xa0d69e286b938e21cbf7e51d71f6a4c8918f482f,0xa0b86991c6218b36c1d19d4a2e9eb0ce3606eb48,2895207.57,0.9814259622284872,eUSD Mainnet
3000001.0,2.2719,0xa0d69e286b938e21cbf7e51d71f6a4c8918f482f,0xa0b86991c6218b36c1d19d4a2e9eb0ce3606eb48,2932696.71,0.9775652441449186,eUSD Mainnet
3050001.0,2.8833,0xa0d69e286b938e21cbf7e51d71f6a4c8918f482f,0xa0b86991c6218b36c1d19d4a2e9eb0ce3606eb48,2962917.77,0.971448130672744,eUSD Mainnet
3100001.0,3.677,0xa0d69e286b938e21cbf7e51d71f6a4c8918f482f,0xa0b86991c6218b36c1d19d4a2e9eb0ce3606eb48,2986873.71,0.9635073375782782,eUSD Mainnet
3150001.0,4.7355,0xa0d69e286b938e21cbf7e51d71f6a4c8918f482f,0xa0b86991c6218b36c1d19d4a2e9eb0ce3606eb48,3002493.09,0.9531721069294898,eUSD Mainnet
3200001.0,5.8233,0xa0d69e286b938e21cbf7e51d71f6a4c8918f482f,0xa0b86991c6218b36c1d19d4a2e9eb0ce3606eb48,3015322.06,0.9422878492850472,eUSD Mainnet
3250001.0,6.8926,0xa0d69e286b938e21cbf7e51d71f6a4c8918f482f,0xa0b86991c6218b36c1d19d4a2e9eb0ce3606eb48,3026856.7,0.9313402365106964,eUSD Mainnet
3300001.0,8.1955,0xa0d69e286b938e21cbf7e51d71f6a4c8918f482f,0xa0b86991c6218b36c1d19d4a2e9eb0ce3606eb48,3031226.46,0.91855319437782,eUSD Mainnet
3350001.0,9.4166,0xa0d69e286b938e21cbf7e51d71f6a4c8918f482f,0xa0b86991c6218b36c1d19d4a2e9eb0ce3606eb48,3036224.33,0.9063353503476568,eUSD Mainnet
3400001.0,10.6363,0xa0d69e286b938e21cbf7e51d71f6a4c8918f482f,0xa0b86991c6218b36c1d19d4a2e9eb0ce3606eb48,3040047.36,0.8941313134907901,eUSD Mainnet
1.0,0.0001,0xcfa3ef56d303ae4faaba0592388f19d7c3399fb4,0x833589fcd6edb6e08f4c7c32d4f71b54bda02913,1.0,1.0,eUSD Base
50001.0,0.0001,0xcfa3ef56d303ae4faaba0592388f19d7c3399fb4,0x833589fcd6edb6e08f4c7c32d4f71b54bda02913,49995.03,0.9998806023879522,eUSD Base
100001.0,0.0003,0xcfa3ef56d303ae4faaba0592388f19d7c3399fb4,0x833589fcd6edb6e08f4c7c32d4f71b54bda02913,99988.94,0.999879401205988,eUSD Base
150001.0,0.0004,0xcfa3ef56d303ae4faaba0592388f19d7c3399fb4,0x833589fcd6edb6e08f4c7c32d4f71b54bda02913,149982.74,0.9998782674782168,eUSD Base
200001.0,0.0005,0xcfa3ef56d303ae4faaba0592388f19d7c3399fb4,0x833589fcd6edb6e08f4c7c32d4f71b54bda02913,199976.41,0.999877050614747,eUSD Base
250001.0,0.0006,0xcfa3ef56d303ae4faaba0592388f19d7c3399fb4,0x833589fcd6edb6e08f4c7c32d4f71b54bda02913,249969.96,0.999875840496638,eUSD Base
300001.0,0.0007,0xcfa3ef56d303ae4faaba0592388f19d7c3399fb4,0x833589fcd6edb6e08f4c7c32d4f71b54bda02913,299963.39,0.9998746337512208,eUSD Base
350001.0,0.0009,0xcfa3ef56d303ae4faaba0592388f19d7c3399fb4,0x833589fcd6edb6e08f4c7c32d4f71b54bda02913,349956.7,0.9998734289330602,eUSD Base
400001.0,0.001,0xcfa3ef56d303ae4faaba0592388f19d7c3399fb4,0x833589fcd6edb6e08f4c7c32d4f71b54bda02913,399949.88,0.9998722003194992,eUSD Base
450001.0,0.0011,0xcfa3ef56d303ae4faaba0592388f19d7c3399fb4,0x833589fcd6edb6e08f4c7c32d4f71b54bda02913,449942.94,0.9998709780644932,eUSD Base
500001.0,0.0012,0xcfa3ef56d303ae4faaba0592388f19d7c3399fb4,0x833589fcd6edb6e08f4c7c32d4f71b54bda02913,499935.88,0.9998697602604796,eUSD Base
550001.0,0.0013,0xcfa3ef56d303ae4faaba0592388f19d7c3399fb4,0x833589fcd6edb6e08f4c7c32d4f71b54bda02913,549928.7,0.9998685456935532,eUSD Base
600001.0,0.0015,0xcfa3ef56d303ae4faaba0592388f19d7c3399fb4,0x833589fcd6edb6e08f4c7c32d4f71b54bda02913,599921.39,0.9998673168878052,eUSD Base
650001.0,0.0016,0xcfa3ef56d303ae4faaba0592388f19d7c3399fb4,0x833589fcd6edb6e08f4c7c32d4f71b54bda02913,649913.96,0.9998660925137036,eUSD Base
700001.0,0.0017,0xcfa3ef56d303ae4faaba0592388f19d7c3399fb4,0x833589fcd6edb6e08f4c7c32d4f71b54bda02913,699906.41,0.999864871621612,eUSD Base
750001.0,0.0018,0xcfa3ef56d303ae4faaba0592388f19d7c3399fb4,0x833589fcd6edb6e08f4c7c32d4f71b54bda02913,749898.73,0.9998636401818132,eUSD Base
800001.0,0.002,0xcfa3ef56d303ae4faaba0592388f19d7c3399fb4,0x833589fcd6edb6e08f4c7c32d4f71b54bda02913,799890.93,0.9998624126719842,eUSD Base
850001.0,0.0021,0xcfa3ef56d303ae4faaba0592388f19d7c3399fb4,0x833589fcd6edb6e08f4c7c32d4f71b54bda02913,849883.01,0.999861188398602,eUSD Base
900001.0,0.0022,0xcfa3ef56d303ae4faaba0592388f19d7c3399fb4,0x833589fcd6edb6e08f4c7c32d4f71b54bda02913,899874.96,0.9998599557111604,eUSD Base
950001.0,0.0023,0xcfa3ef56d303ae4faaba0592388f19d7c3399fb4,0x833589fcd6edb6e08f4c7c32d4f71b54bda02913,949866.8,0.9998587369908032,eUSD Base
1000001.0,0.0024,0xcfa3ef56d303ae4faaba0592388f19d7c3399fb4,0x833589fcd6edb6e08f4c7c32d4f71b54bda02913,999858.5,0.9998575001425,eUSD Base
1050001.0,0.0026,0xcfa3ef56d303ae4faaba0592388f19d7c3399fb4,0x833589fcd6edb6e08f4c7c32d4f71b54bda02913,1049850.09,0.999856276327356,eUSD Base
1100001.0,0.0027,0xcfa3ef56d303ae4faaba0592388f19d7c3399fb4,0x833589fcd6edb6e08f4c7c32d4f71b54bda02913,1099841.55,0.9998550455863222,eUSD Base
1150001.0,0.0028,0xcfa3ef56d303ae4faaba0592388f19d7c3399fb4,0x833589fcd6edb6e08f4c7c32d4f71b54bda02913,1149832.89,0.9998538175184196,eUSD Base
1200001.0,0.0029,0xcfa3ef56d303ae4faaba0592388f19d7c3399fb4,0x833589fcd6edb6e08f4c7c32d4f71b54bda02913,1199824.11,0.9998525917895068,eUSD Base
1250001.0,0.0031,0xcfa3ef56d303ae4faaba0592388f19d7c3399fb4,0x833589fcd6edb6e08f4c7c32d4f71b54bda02913,1249815.2,0.9998513601189118,eUSD Base
1300001.0,0.0032,0xcfa3ef56d303ae4faaba0592388f19d7c3399fb4,0x833589fcd6edb6e08f4c7c32d4f71b54bda02913,1299806.17,0.9998501308845148,eUSD Base
1350001.0,0.0033,0xcfa3ef56d303ae4faaba0592388f19d7c3399fb4,0x833589fcd6edb6e08f4c7c32d4f71b54bda02913,1349797.01,0.9998488964082248,eUSD Base
1400001.0,0.0034,0xcfa3ef56d303ae4faaba0592388f19d7c3399fb4,0x833589fcd6edb6e08f4c7c32d4f71b54bda02913,1399787.73,0.9998476643945254,eUSD Base
1450001.0,0.0035,0xcfa3ef56d303ae4faaba0592388f19d7c3399fb4,0x833589fcd6edb6e08f4c7c32d4f71b54bda02913,1449778.33,0.9998464345886658,eUSD Base
1500001.0,0.0037,0xcfa3ef56d303ae4faaba0592388f19d7c3399fb4,0x833589fcd6edb6e08f4c7c32d4f71b54bda02913,1499768.8,0.9998452001032,eUSD Base
1550001.0,0.0038,0xcfa3ef56d303ae4faaba0592388f19d7c3399fb4,0x833589fcd6edb6e08f4c7c32d4f71b54bda02913,1549759.15,0.9998439678426012,eUSD Base
1600001.0,0.0039,0xcfa3ef56d303ae4faaba0592388f19d7c3399fb4,0x833589fcd6edb6e08f4c7c32d4f71b54bda02913,1599749.38,0.9998427375982888,eUSD Base
1650001.0,0.0043,0xcfa3ef56d303ae4faaba0592388f19d7c3399fb4,0x833589fcd6edb6e08f4c7c32d4f71b54bda02913,1649735.67,0.999839194036852,eUSD Base
1700001.0,0.0059,0xcfa3ef56d303ae4faaba0592388f19d7c3399fb4,0x833589fcd6edb6e08f4c7c32d4f71b54bda02913,1699698.36,0.999821976575308,eUSD Base
1750001.0,0.0109,0xcfa3ef56d303ae4faaba0592388f19d7c3399fb4,0x833589fcd6edb6e08f4c7c32d4f71b54bda02913,1749604.03,0.9997731601296228,eUSD Base
1800001.0,0.0148,0xcfa3ef56d303ae4faaba0592388f19d7c3399fb4,0x833589fcd6edb6e08f4c7c32d4f71b54bda02913,1799493.03,0.9997177946012252,eUSD Base
1850001.0,0.0162,0xcfa3ef56d303ae4faaba0592388f19d7c3399fb4,0x833589fcd6edb6e08f4c7c32d4f71b54bda02913,1849400.29,0.9996752920674096,eUSD Base
1900001.0,0.0246,0xcfa3ef56d303ae4faaba0592388f19d7c3399fb4,0x833589fcd6edb6e08f4c7c32d4f71b54bda02913,1899225.65,0.9995919212674098,eUSD Base
1950001.0,0.0336,0xcfa3ef56d303ae4faaba0592388f19d7c3399fb4,0x833589fcd6edb6e08f4c7c32d4f71b54bda02913,1949012.95,0.9994933079521496,eUSD Base
2000001.0,0.056,0xcfa3ef56d303ae4faaba0592388f19d7c3399fb4,0x833589fcd6edb6e08f4c7c32d4f71b54bda02913,1998541.68,0.9992703403648298,eUSD Base
2050001.0,0.0907,0xcfa3ef56d303ae4faaba0592388f19d7c3399fb4,0x833589fcd6edb6e08f4c7c32d4f71b54bda02913,2047795.99,0.9989243858905434,eUSD Base
2100001.0,0.1362,0xcfa3ef56d303ae4faaba0592388f19d7c3399fb4,0x833589fcd6edb6e08f4c7c32d4f71b54bda02913,2096788.65,0.9984703102522332,eUSD Base
2150001.0,0.1999,0xcfa3ef56d303ae4faaba0592388f19d7c3399fb4,0x833589fcd6edb6e08f4c7c32d4f71b54bda02913,2145346.33,0.9978350382162612,eUSD Base
2200001.0,0.2812,0xcfa3ef56d303ae4faaba0592388f19d7c3399fb4,0x833589fcd6edb6e08f4c7c32d4f71b54bda02913,2193451.85,0.9970231149894933,eUSD Base
2250001.0,0.3744,0xcfa3ef56d303ae4faaba0592388f19d7c3399fb4,0x833589fcd6edb6e08f4c7c32d4f71b54bda02913,2241206.0,0.9960911128483942,eUSD Base
2300001.0,0.5052,0xcfa3ef56d303ae4faaba0592388f19d7c3399fb4,0x833589fcd6edb6e08f4c7c32d4f71b54bda02913,2288006.86,0.9947851587890614,eUSD Base
2350001.0,0.6382,0xcfa3ef56d303ae4faaba0592388f19d7c3399fb4,0x833589fcd6edb6e08f4c7c32d4f71b54bda02913,2334566.94,0.9934323176883756,eUSD Base
2400001.0,0.8328,0xcfa3ef56d303ae4faaba0592388f19d7c3399fb4,0x833589fcd6edb6e08f4c7c32d4f71b54bda02913,2379626.09,0.991510457703976,eUSD Base
2450001.0,1.0158,0xcfa3ef56d303ae4faaba0592388f19d7c3399fb4,0x833589fcd6edb6e08f4c7c32d4f71b54bda02913,2424659.61,0.9896565797320084,eUSD Base
2500001.0,1.2538,0xcfa3ef56d303ae4faaba0592388f19d7c3399fb4,0x833589fcd6edb6e08f4c7c32d4f71b54bda02913,2468191.65,0.987276265089494,eUSD Base
2550001.0,1.5032,0xcfa3ef56d303ae4faaba0592388f19d7c3399fb4,0x833589fcd6edb6e08f4c7c32d4f71b54bda02913,2511195.31,0.9847820883207496,eUSD Base
2600001.0,1.7885,0xcfa3ef56d303ae4faaba0592388f19d7c3399fb4,0x833589fcd6edb6e08f4c7c32d4f71b54bda02913,2553020.73,0.9819306723343568,eUSD Base
2650001.0,2.1186,0xcfa3ef56d303ae4faaba0592388f19d7c3399fb4,0x833589fcd6edb6e08f4c7c32d4f71b54bda02913,2593368.29,0.9786291741021984,eUSD Base
2700001.0,2.486,0xcfa3ef56d303ae4faaba0592388f19d7c3399fb4,0x833589fcd6edb6e08f4c7c32d4f71b54bda02913,2632381.22,0.9749556463127236,eUSD Base
2750001.0,2.8826,0xcfa3ef56d303ae4faaba0592388f19d7c3399fb4,0x833589fcd6edb6e08f4c7c32d4f71b54bda02913,2670228.24,0.970991734184824,eUSD Base
2800001.0,3.2935,0xcfa3ef56d303ae4faaba0592388f19d7c3399fb4,0x833589fcd6edb6e08f4c7c32d4f71b54bda02913,2707277.05,0.9668843153984588,eUSD Base
2850001.0,3.7685,0xcfa3ef56d303ae4faaba0592388f19d7c3399fb4,0x833589fcd6edb6e08f4c7c32d4f71b54bda02913,2742086.3,0.9621352062683486,eUSD Base
2900001.0,4.3256,0xcfa3ef56d303ae4faaba0592388f19d7c3399fb4,0x833589fcd6edb6e08f4c7c32d4f71b54bda02913,2774032.0,0.9565624287715764,eUSD Base
2950001.0,4.778,0xcfa3ef56d303ae4faaba0592388f19d7c3399fb4,0x833589fcd6edb6e08f4c7c32d4f71b54bda02913,2808524.37,0.9520418365959876,eUSD Base
3000001.0,5.3029,0xcfa3ef56d303ae4faaba0592388f19d7c3399fb4,0x833589fcd6edb6e08f4c7c32d4f71b54bda02913,2840380.07,0.9467930410689862,eUSD Base
3050001.0,5.876,0xcfa3ef56d303ae4faaba0592388f19d7c3399fb4,0x833589fcd6edb6e08f4c7c32d4f71b54bda02913,2870245.69,0.9410638521102124,eUSD Base
3100001.0,6.4629,0xcfa3ef56d303ae4faaba0592388f19d7c3399fb4,0x833589fcd6edb6e08f4c7c32d4f71b54bda02913,2899108.01,0.93519583058199,eUSD Base
3150001.0,7.0557,0xcfa3ef56d303ae4faaba0592388f19d7c3399fb4,0x833589fcd6edb6e08f4c7c32d4f71b54bda02913,2927191.72,0.929266917693042,eUSD Base
3200001.0,7.6493,0xcfa3ef56d303ae4faaba0592388f19d7c3399fb4,0x833589fcd6edb6e08f4c7c32d4f71b54bda02913,2954664.88,0.923332486458598,eUSD Base
3250001.0,8.3273,0xcfa3ef56d303ae4faaba0592388f19d7c3399fb4,0x833589fcd6edb6e08f4c7c32d4f71b54bda02913,2978800.28,0.9165536502911844,eUSD Base
3300001.0,8.9413,0xcfa3ef56d303ae4faaba0592388f19d7c3399fb4,0x833589fcd6edb6e08f4c7c32d4f71b54bda02913,3004365.86,0.9104136210867816,eUSD Base
3350001.0,9.598,0xcfa3ef56d303ae4faaba0592388f19d7c3399fb4,0x833589fcd6edb6e08f4c7c32d4f71b54bda02913,3027890.4,0.903847610791758,eUSD Base
3400001.0,10.268,0xcfa3ef56d303ae4faaba0592388f19d7c3399fb4,0x833589fcd6edb6e08f4c7c32d4f71b54bda02913,3050307.88,0.8971491126032022,eUSD Base
2614.709638703171,0.0,0xcb327b99ff831bf8223cced12b1338ff3aa322ff,0x4200000000000000000000000000000000000006,1.01,1.01,bsdETH Base
101973.67590942368,0.0001,0xcb327b99ff831bf8223cced12b1338ff3aa322ff,0x4200000000000000000000000000000000000006,39.35,1.008974358974359,bsdETH Base
201332.64218014415,0.0002,0xcb327b99ff831bf8223cced12b1338ff3aa322ff,0x4200000000000000000000000000000000000006,77.69,1.0089610389610388,bsdETH Base
300691.6084508647,0.0003,0xcb327b99ff831bf8223cced12b1338ff3aa322ff,0x4200000000000000000000000000000000000006,116.04,1.0090434782608697,bsdETH Base
400050.5747215852,0.0004,0xcb327b99ff831bf8223cced12b1338ff3aa322ff,0x4200000000000000000000000000000000000006,154.38,1.0090196078431373,bsdETH Base
499409.5409923057,0.0005,0xcb327b99ff831bf8223cced12b1338ff3aa322ff,0x4200000000000000000000000000000000000006,192.72,1.0090052356020942,bsdETH Base
598768.5072630262,0.0006,0xcb327b99ff831bf8223cced12b1338ff3aa322ff,0x4200000000000000000000000000000000000006,231.06,1.008995633187773,bsdETH Base
698127.4735337467,0.0007,0xcb327b99ff831bf8223cced12b1338ff3aa322ff,0x4200000000000000000000000000000000000006,269.4,1.0089887640449438,bsdETH Base
797486.4398044671,0.0008,0xcb327b99ff831bf8223cced12b1338ff3aa322ff,0x4200000000000000000000000000000000000006,307.74,1.0089836065573772,bsdETH Base
896845.4060751877,0.0009,0xcb327b99ff831bf8223cced12b1338ff3aa322ff,0x4200000000000000000000000000000000000006,346.09,1.0090087463556852,bsdETH Base
996204.3723459082,0.001,0xcb327b99ff831bf8223cced12b1338ff3aa322ff,0x4200000000000000000000000000000000000006,384.43,1.009002624671916,bsdETH Base
1095563.338616629,0.0011,0xcb327b99ff831bf8223cced12b1338ff3aa322ff,0x4200000000000000000000000000000000000006,422.77,1.008997613365155,bsdETH Base
1194922.3048873493,0.0012,0xcb327b99ff831bf8223cced12b1338ff3aa322ff,0x4200000000000000000000000000000000000006,461.11,1.0089934354485777,bsdETH Base
1294281.2711580696,0.0013,0xcb327b99ff831bf8223cced12b1338ff3aa322ff,0x4200000000000000000000000000000000000006,499.45,1.0089898989898989,bsdETH Base
1393640.2374287902,0.0014,0xcb327b99ff831bf8223cced12b1338ff3aa322ff,0x4200000000000000000000000000000000000006,537.79,1.0089868667917448,bsdETH Base
1492999.2036995108,0.0015,0xcb327b99ff831bf8223cced12b1338ff3aa322ff,0x4200000000000000000000000000000000000006,576.13,1.008984238178634,bsdETH Base
1592358.1699702311,0.0016,0xcb327b99ff831bf8223cced12b1338ff3aa322ff,0x4200000000000000000000000000000000000006,614.47,1.0089819376026272,bsdETH Base
1691717.1362409515,0.0017,0xcb327b99ff831bf8223cced12b1338ff3aa322ff,0x4200000000000000000000000000000000000006,652.82,1.0089953632148378,bsdETH Base
1791076.1025116723,0.0018,0xcb327b99ff831bf8223cced12b1338ff3aa322ff,0x4200000000000000000000000000000000000006,691.16,1.0089927007299269,bsdETH Base
1890435.068782393,0.0019,0xcb327b99ff831bf8223cced12b1338ff3aa322ff,0x4200000000000000000000000000000000000006,729.5,1.0089903181189488,bsdETH Base
1989794.0350531128,0.002,0xcb327b99ff831bf8223cced12b1338ff3aa322ff,0x4200000000000000000000000000000000000006,767.84,1.008988173455979,bsdETH Base
2089153.0013238336,0.0021,0xcb327b99ff831bf8223cced12b1338ff3aa322ff,0x4200000000000000000000000000000000000006,806.18,1.0089862327909886,bsdETH Base
2188511.967594554,0.0022,0xcb327b99ff831bf8223cced12b1338ff3aa322ff,0x4200000000000000000000000000000000000006,844.52,1.008984468339307,bsdETH Base
2287870.933865275,0.0023,0xcb327b99ff831bf8223cced12b1338ff3aa322ff,0x4200000000000000000000000000000000000006,882.86,1.0089828571428572,bsdETH Base
2387229.900135996,0.0024,0xcb327b99ff831bf8223cced12b1338ff3aa322ff,0x4200000000000000000000000000000000000006,921.2,1.0089813800657177,bsdETH Base
2486588.866406716,0.0025,0xcb327b99ff831bf8223cced12b1338ff3aa322ff,0x4200000000000000000000000000000000000006,959.54,1.0089800210304942,bsdETH Base
2585947.832677436,0.0026,0xcb327b99ff831bf8223cced12b1338ff3aa322ff,0x4200000000000000000000000000000000000006,997.88,1.008978766430738,bsdETH Base
2685306.7989481566,0.0027,0xcb327b99ff831bf8223cced12b1338ff3aa322ff,0x4200000000000000000000000000000000000006,1036.22,1.0089776046738073,bsdETH Base
2784665.765218877,0.0028,0xcb327b99ff831bf8223cced12b1338ff3aa322ff,0x4200000000000000000000000000000000000006,1074.56,1.008976525821596,bsdETH Base
2884024.731489598,0.0029,0xcb327b99ff831bf8223cced12b1338ff3aa322ff,0x4200000000000000000000000000000000000006,1112.9,1.0089755213055305,bsdETH Base
2983383.6977603184,0.003,0xcb327b99ff831bf8223cced12b1338ff3aa322ff,0x4200000000000000000000000000000000000006,1151.24,1.00897458369851,bsdETH Base
3082742.6640310385,0.0031,0xcb327b99ff831bf8223cced12b1338ff3aa322ff,0x4200000000000000000000000000000000000006,1189.58,1.0089737065309583,bsdETH Base
3182101.630301759,0.0032,0xcb327b99ff831bf8223cced12b1338ff3aa322ff,0x4200000000000000000000000000000000000006,1227.92,1.0089728841413312,bsdETH Base
3281460.59657248,0.0414,0xcb327b99ff831bf8223cced12b1338ff3aa322ff,0x4200000000000000000000000000000000000006,1265.77,1.008581673306773,bsdETH Base
3380819.5628432003,0.3035,0xcb327b99ff831bf8223cced12b1338ff3aa322ff,0x4200000000000000000000000000000000000006,1300.67,1.0059319412219645,bsdETH Base
3480178.529113921,0.7711,0xcb327b99ff831bf8223cced12b1338ff3aa322ff,0x4200000000000000000000000000000000000006,1332.6,1.0012021036814425,bsdETH Base
3579537.495384641,1.4038,0xcb327b99ff831bf8223cced12b1338ff3aa322ff,0x4200000000000000000000000000000000000006,1361.89,0.9948064280496712,bsdETH Base
3678896.4616553616,2.1556,0xcb327b99ff831bf8223cced12b1338ff3aa322ff,0x4200000000000000000000000000000000000006,1389.02,0.9872210376687988,bsdETH Base
3778255.427926082,3.0112,0xcb327b99ff831bf8223cced12b1338ff3aa322ff,0x4200000000000000000000000000000000000006,1414.04,0.9785743944636678,bsdETH Base
3877614.3941968023,3.9465,0xcb327b99ff831bf8223cced12b1338ff3aa322ff,0x4200000000000000000000000000000000000006,1437.23,0.9691368846931896,bsdETH Base
3976973.3604675233,4.94,0xcb327b99ff831bf8223cced12b1338ff3aa322ff,0x4200000000000000000000000000000000000006,1458.8,0.9591058514135437,bsdETH Base
4076332.326738244,5.9767,0xcb327b99ff831bf8223cced12b1338ff3aa322ff,0x4200000000000000000000000000000000000006,1478.93,0.9486401539448364,bsdETH Base
4175691.293008964,7.0453,0xcb327b99ff831bf8223cced12b1338ff3aa322ff,0x4200000000000000000000000000000000000006,1497.75,0.9378522229179712,bsdETH Base
4275050.259279685,8.134,0xcb327b99ff831bf8223cced12b1338ff3aa322ff,0x4200000000000000000000000000000000000006,1515.42,0.926862385321101,bsdETH Base
4374409.225550406,9.2453,0xcb327b99ff831bf8223cced12b1338ff3aa322ff,0x4200000000000000000000000000000000000006,1531.87,0.9156425582785416,bsdETH Base
4473768.191821125,10.3537,0xcb327b99ff831bf8223cced12b1338ff3aa322ff,0x4200000000000000000000000000000000000006,1547.52,0.9044535359438924,bsdETH Base
2614.709638703171,0.0075,0x18c14c2d707b2212e17d1579789fc06010cfca23,0x82af49447d8a07e3bd95bd0d56f35241523fbab1,1.02,1.02,ETH+ Arbitrum
101973.67590942368,0.0398,0x18c14c2d707b2212e17d1579789fc06010cfca23,0x82af49447d8a07e3bd95bd0d56f35241523fbab1,39.73,1.0187179487179487,ETH+ Arbitrum
201332.64218014415,0.0749,0x18c14c2d707b2212e17d1579789fc06010cfca23,0x82af49447d8a07e3bd95bd0d56f35241523fbab1,78.41,1.0183116883116885,ETH+ Arbitrum
300691.6084508647,0.1069,0x18c14c2d707b2212e17d1579789fc06010cfca23,0x82af49447d8a07e3bd95bd0d56f35241523fbab1,117.06,1.0179130434782608,ETH+ Arbitrum
400050.5747215852,0.1339,0x18c14c2d707b2212e17d1579789fc06010cfca23,0x82af49447d8a07e3bd95bd0d56f35241523fbab1,155.7,1.0176470588235291,ETH+ Arbitrum
499409.5409923057,0.155,0x18c14c2d707b2212e17d1579789fc06010cfca23,0x82af49447d8a07e3bd95bd0d56f35241523fbab1,194.33,1.017434554973822,ETH+ Arbitrum
598768.5072630262,0.1717,0x18c14c2d707b2212e17d1579789fc06010cfca23,0x82af49447d8a07e3bd95bd0d56f35241523fbab1,232.95,1.0172489082969431,ETH+ Arbitrum
698127.4735337467,0.1869,0x18c14c2d707b2212e17d1579789fc06010cfca23,0x82af49447d8a07e3bd95bd0d56f35241523fbab1,271.56,1.0170786516853934,ETH+ Arbitrum
797486.4398044671,0.2024,0x18c14c2d707b2212e17d1579789fc06010cfca23,0x82af49447d8a07e3bd95bd0d56f35241523fbab1,310.17,1.0169508196721313,ETH+ Arbitrum
896845.4060751877,0.2186,0x18c14c2d707b2212e17d1579789fc06010cfca23,0x82af49447d8a07e3bd95bd0d56f35241523fbab1,348.75,1.0167638483965014,ETH+ Arbitrum
996204.3723459082,0.2358,0x18c14c2d707b2212e17d1579789fc06010cfca23,0x82af49447d8a07e3bd95bd0d56f35241523fbab1,387.32,1.0165879265091864,ETH+ Arbitrum
1095563.338616629,0.2544,0x18c14c2d707b2212e17d1579789fc06010cfca23,0x82af49447d8a07e3bd95bd0d56f35241523fbab1,425.87,1.016396181384248,ETH+ Arbitrum
1194922.3048873493,0.2748,0x18c14c2d707b2212e17d1579789fc06010cfca23,0x82af49447d8a07e3bd95bd0d56f35241523fbab1,464.4,1.0161925601750543,ETH+ Arbitrum
1294281.2711580696,0.2974,0x18c14c2d707b2212e17d1579789fc06010cfca23,0x82af49447d8a07e3bd95bd0d56f35241523fbab1,502.91,1.015979797979798,ETH+ Arbitrum
1393640.2374287902,0.322,0x18c14c2d707b2212e17d1579789fc06010cfca23,0x82af49447d8a07e3bd95bd0d56f35241523fbab1,541.38,1.0157223264540338,ETH+ Arbitrum
1492999.2036995108,0.3486,0x18c14c2d707b2212e17d1579789fc06010cfca23,0x82af49447d8a07e3bd95bd0d56f35241523fbab1,579.83,1.0154640980735552,ETH+ Arbitrum
1592358.1699702311,0.3773,0x18c14c2d707b2212e17d1579789fc06010cfca23,0x82af49447d8a07e3bd95bd0d56f35241523fbab1,618.24,1.0151724137931035,ETH+ Arbitrum
1691717.1362409515,0.4077,0x18c14c2d707b2212e17d1579789fc06010cfca23,0x82af49447d8a07e3bd95bd0d56f35241523fbab1,656.61,1.014853168469861,ETH+ Arbitrum
1791076.1025116723,0.4437,0x18c14c2d707b2212e17d1579789fc06010cfca23,0x82af49447d8a07e3bd95bd0d56f35241523fbab1,694.93,1.014496350364963,ETH+ Arbitrum
1890435.068782393,0.4901,0x18c14c2d707b2212e17d1579789fc06010cfca23,0x82af49447d8a07e3bd95bd0d56f35241523fbab1,733.14,1.0140248962655602,ETH+ Arbitrum
1989794.0350531128,0.5693,0x18c14c2d707b2212e17d1579789fc06010cfca23,0x82af49447d8a07e3bd95bd0d56f35241523fbab1,771.06,1.0132194480946122,ETH+ Arbitrum
2089153.0013238336,0.6849,0x18c14c2d707b2212e17d1579789fc06010cfca23,0x82af49447d8a07e3bd95bd0d56f35241523fbab1,808.62,1.012040050062578,ETH+ Arbitrum
2188511.967594554,0.9046,0x18c14c2d707b2212e17d1579789fc06010cfca23,0x82af49447d8a07e3bd95bd0d56f35241523fbab1,845.2,1.0097968936678614,ETH+ Arbitrum
2287870.933865275,1.166,0x18c14c2d707b2212e17d1579789fc06010cfca23,0x82af49447d8a07e3bd95bd0d56f35241523fbab1,881.24,1.0071314285714286,ETH+ Arbitrum
2387229.900135996,1.5804,0x18c14c2d707b2212e17d1579789fc06010cfca23,0x82af49447d8a07e3bd95bd0d56f35241523fbab1,915.65,1.002902519167579,ETH+ Arbitrum
2486588.866406716,2.1414,0x18c14c2d707b2212e17d1579789fc06010cfca23,0x82af49447d8a07e3bd95bd0d56f35241523fbab1,948.32,0.9971819137749738,ETH+ Arbitrum
2585947.832677436,2.7823,0x18c14c2d707b2212e17d1579789fc06010cfca23,0x82af49447d8a07e3bd95bd0d56f35241523fbab1,979.76,0.9906572295247724,ETH+ Arbitrum
2685306.7989481566,3.6059,0x18c14c2d707b2212e17d1579789fc06010cfca23,0x82af49447d8a07e3bd95bd0d56f35241523fbab1,1008.78,0.9822590068159688,ETH+ Arbitrum
2784665.765218877,4.5622,0x18c14c2d707b2212e17d1579789fc06010cfca23,0x82af49447d8a07e3bd95bd0d56f35241523fbab1,1035.73,0.9725164319248828,ETH+ Arbitrum
2884024.731489598,5.5933,0x18c14c2d707b2212e17d1579789fc06010cfca23,0x82af49447d8a07e3bd95bd0d56f35241523fbab1,1061.09,0.9620036264732548,ETH+ Arbitrum
2983383.6977603184,6.7305,0x18c14c2d707b2212e17d1579789fc06010cfca23,0x82af49447d8a07e3bd95bd0d56f35241523fbab1,1084.42,0.9504119193689746,ETH+ Arbitrum
3082742.6640310385,7.9619,0x18c14c2d707b2212e17d1579789fc06010cfca23,0x82af49447d8a07e3bd95bd0d56f35241523fbab1,1105.74,0.9378625954198472,ETH+ Arbitrum
3182101.630301759,9.2021,0x18c14c2d707b2212e17d1579789fc06010cfca23,0x82af49447d8a07e3bd95bd0d56f35241523fbab1,1126.0,0.9252259654889072,ETH+ Arbitrum
3281460.59657248,10.5415,0x18c14c2d707b2212e17d1579789fc06010cfca23,0x82af49447d8a07e3bd95bd0d56f35241523fbab1,1144.03,0.9115776892430278,ETH+ Arbitrum
1.0,0.0,0x12275dcb9048680c4be40942ea4d92c74c63b844,0xaf88d065e77c8cc2239327c5edb3a432268e5831,1.0,1.0,eUSD Arbitrum
50001.0,0.0197,0x12275dcb9048680c4be40942ea4d92c74c63b844,0xaf88d065e77c8cc2239327c5edb3a432268e5831,50065.97,1.0012993740125198,eUSD Arbitrum
100001.0,0.0315,0x12275dcb9048680c4be40942ea4d92c74c63b844,0xaf88d065e77c8cc2239327c5edb3a432268e5831,100113.16,1.0011215887841125,eUSD Arbitrum
150001.0,0.0374,0x12275dcb9048680c4be40942ea4d92c74c63b844,0xaf88d065e77c8cc2239327c5edb3a432268e5831,150149.58,1.0009905267298218,eUSD Arbitrum
200001.0,0.0449,0x12275dcb9048680c4be40942ea4d92c74c63b844,0xaf88d065e77c8cc2239327c5edb3a432268e5831,200176.87,1.000879345603272,eUSD Arbitrum
250001.0,0.0531,0x12275dcb9048680c4be40942ea4d92c74c63b844,0xaf88d065e77c8cc2239327c5edb3a432268e5831,250195.19,1.0007767568929724,eUSD Arbitrum
300001.0,0.0616,0x12275dcb9048680c4be40942ea4d92c74c63b844,0xaf88d065e77c8cc2239327c5edb3a432268e5831,300204.67,1.0006788977370076,eUSD Arbitrum
350001.0,0.0702,0x12275dcb9048680c4be40942ea4d92c74c63b844,0xaf88d065e77c8cc2239327c5edb3a432268e5831,350205.35,1.0005838554746986,eUSD Arbitrum
400001.0,0.0788,0x12275dcb9048680c4be40942ea4d92c74c63b844,0xaf88d065e77c8cc2239327c5edb3a432268e5831,400197.32,1.0004907987730032,eUSD Arbitrum
450001.0,0.0875,0x12275dcb9048680c4be40942ea4d92c74c63b844,0xaf88d065e77c8cc2239327c5edb3a432268e5831,450180.63,1.000399176890718,eUSD Arbitrum
500001.0,0.0961,0x12275dcb9048680c4be40942ea4d92c74c63b844,0xaf88d065e77c8cc2239327c5edb3a432268e5831,500155.29,1.0003085793828412,eUSD Arbitrum
550001.0,0.1047,0x12275dcb9048680c4be40942ea4d92c74c63b844,0xaf88d065e77c8cc2239327c5edb3a432268e5831,550121.26,1.0002186541479017,eUSD Arbitrum
600001.0,0.1134,0x12275dcb9048680c4be40942ea4d92c74c63b844,0xaf88d065e77c8cc2239327c5edb3a432268e5831,600078.53,1.000129216451306,eUSD Arbitrum
650001.0,0.122,0x12275dcb9048680c4be40942ea4d92c74c63b844,0xaf88d065e77c8cc2239327c5edb3a432268e5831,650027.01,1.0000400153230533,eUSD Arbitrum
700001.0,0.1306,0x12275dcb9048680c4be40942ea4d92c74c63b844,0xaf88d065e77c8cc2239327c5edb3a432268e5831,699966.63,0.9999509000701428,eUSD Arbitrum
750001.0,0.1393,0x12275dcb9048680c4be40942ea4d92c74c63b844,0xaf88d065e77c8cc2239327c5edb3a432268e5831,749897.24,0.9998616535177952,eUSD Arbitrum
800001.0,0.1479,0x12275dcb9048680c4be40942ea4d92c74c63b844,0xaf88d065e77c8cc2239327c5edb3a432268e5831,799818.7,0.9997721252848434,eUSD Arbitrum
850001.0,0.1567,0x12275dcb9048680c4be40942ea4d92c74c63b844,0xaf88d065e77c8cc2239327c5edb3a432268e5831,849730.88,0.999682212138574,eUSD Arbitrum
900001.0,0.1654,0x12275dcb9048680c4be40942ea4d92c74c63b844,0xaf88d065e77c8cc2239327c5edb3a432268e5831,899633.58,0.99959175600916,eUSD Arbitrum
950001.0,0.1743,0x12275dcb9048680c4be40942ea4d92c74c63b844,0xaf88d065e77c8cc2239327c5edb3a432268e5831,949526.61,0.9995006426309024,eUSD Arbitrum
1000001.0,0.1832,0x12275dcb9048680c4be40942ea4d92c74c63b844,0xaf88d065e77c8cc2239327c5edb3a432268e5831,999409.74,0.9994087405912594,eUSD Arbitrum
1050001.0,0.1922,0x12275dcb9048680c4be40942ea4d92c74c63b844,0xaf88d065e77c8cc2239327c5edb3a432268e5831,1049282.69,0.9993158958896228,eUSD Arbitrum
1100001.0,0.2012,0x12275dcb9048680c4be40942ea4d92c74c63b844,0xaf88d065e77c8cc2239327c5edb3a432268e5831,1099145.36,0.9992221461616854,eUSD Arbitrum
1150001.0,0.2104,0x12275dcb9048680c4be40942ea4d92c74c63b844,0xaf88d065e77c8cc2239327c5edb3a432268e5831,1148997.43,0.999127331193625,eUSD Arbitrum
1200001.0,0.2197,0x12275dcb9048680c4be40942ea4d92c74c63b844,0xaf88d065e77c8cc2239327c5edb3a432268e5831,1198838.65,0.9990313758071868,eUSD Arbitrum
1250001.0,0.2291,0x12275dcb9048680c4be40942ea4d92c74c63b844,0xaf88d065e77c8cc2239327c5edb3a432268e5831,1248668.77,0.9989342168526264,eUSD Arbitrum
1300001.0,0.2386,0x12275dcb9048680c4be40942ea4d92c74c63b844,0xaf88d065e77c8cc2239327c5edb3a432268e5831,1298487.52,0.9988357855109342,eUSD Arbitrum
1350001.0,0.2482,0x12275dcb9048680c4be40942ea4d92c74c63b844,0xaf88d065e77c8cc2239327c5edb3a432268e5831,1348294.66,0.998736045380707,eUSD Arbitrum
1400001.0,0.258,0x12275dcb9048680c4be40942ea4d92c74c63b844,0xaf88d065e77c8cc2239327c5edb3a432268e5831,1398089.92,0.9986349438321828,eUSD Arbitrum
1450001.0,0.2678,0x12275dcb9048680c4be40942ea4d92c74c63b844,0xaf88d065e77c8cc2239327c5edb3a432268e5831,1447873.05,0.998532449287966,eUSD Arbitrum
1500001.0,0.2779,0x12275dcb9048680c4be40942ea4d92c74c63b844,0xaf88d065e77c8cc2239327c5edb3a432268e5831,1497643.79,0.9984285277143148,eUSD Arbitrum
1550001.0,0.2881,0x12275dcb9048680c4be40942ea4d92c74c63b844,0xaf88d065e77c8cc2239327c5edb3a432268e5831,1547401.88,0.9983231494689356,eUSD Arbitrum
1600001.0,0.2984,0x12275dcb9048680c4be40942ea4d92c74c63b844,0xaf88d065e77c8cc2239327c5edb3a432268e5831,1597147.08,0.998216301114812,eUSD Arbitrum
1650001.0,0.3089,0x12275dcb9048680c4be40942ea4d92c74c63b844,0xaf88d065e77c8cc2239327c5edb3a432268e5831,1646879.21,0.9981080072072684,eUSD Arbitrum
1700001.0,0.3195,0x12275dcb9048680c4be40942ea4d92c74c63b844,0xaf88d065e77c8cc2239327c5edb3a432268e5831,1696597.92,0.9979981894128296,eUSD Arbitrum
1750001.0,0.3302,0x12275dcb9048680c4be40942ea4d92c74c63b844,0xaf88d065e77c8cc2239327c5edb3a432268e5831,1746303.03,0.997886875493214,eUSD Arbitrum
1800001.0,0.3412,0x12275dcb9048680c4be40942ea4d92c74c63b844,0xaf88d065e77c8cc2239327c5edb3a432268e5831,1795994.33,0.9977740734588482,eUSD Arbitrum
1850001.0,0.3522,0x12275dcb9048680c4be40942ea4d92c74c63b844,0xaf88d065e77c8cc2239327c5edb3a432268e5831,1845671.76,0.9976598715352046,eUSD Arbitrum
1900001.0,0.3635,0x12275dcb9048680c4be40942ea4d92c74c63b844,0xaf88d065e77c8cc2239327c5edb3a432268e5831,1895334.78,0.9975440960294232,eUSD Arbitrum
1950001.0,0.3748,0x12275dcb9048680c4be40942ea4d92c74c63b844,0xaf88d065e77c8cc2239327c5edb3a432268e5831,1944983.35,0.9974268474734116,eUSD Arbitrum
2000001.0,0.3864,0x12275dcb9048680c4be40942ea4d92c74c63b844,0xaf88d065e77c8cc2239327c5edb3a432268e5831,1994617.37,0.9973081863459068,eUSD Arbitrum
2050001.0,0.398,0x12275dcb9048680c4be40942ea4d92c74c63b844,0xaf88d065e77c8cc2239327c5edb3a432268e5831,2044236.46,0.9971880306399852,eUSD Arbitrum
2100001.0,0.4098,0x12275dcb9048680c4be40942ea4d92c74c63b844,0xaf88d065e77c8cc2239327c5edb3a432268e5831,2093840.38,0.9970663728255368,eUSD Arbitrum
2150001.0,0.4218,0x12275dcb9048680c4be40942ea4d92c74c63b844,0xaf88d065e77c8cc2239327c5edb3a432268e5831,2143429.28,0.9969433874681918,eUSD Arbitrum
2200001.0,0.4339,0x12275dcb9048680c4be40942ea4d92c74c63b844,0xaf88d065e77c8cc2239327c5edb3a432268e5831,2193002.83,0.996819015082266,eUSD Arbitrum
2250001.0,0.4461,0x12275dcb9048680c4be40942ea4d92c74c63b844,0xaf88d065e77c8cc2239327c5edb3a432268e5831,2242560.87,0.9966932770252104,eUSD Arbitrum
2300001.0,0.4585,0x12275dcb9048680c4be40942ea4d92c74c63b844,0xaf88d065e77c8cc2239327c5edb3a432268e5831,2292103.24,0.9965661927973076,eUSD Arbitrum
2350001.0,0.471,0x12275dcb9048680c4be40942ea4d92c74c63b844,0xaf88d065e77c8cc2239327c5edb3a432268e5831,2341630.08,0.9964379078987626,eUSD Arbitrum
2400001.0,0.4877,0x12275dcb9048680c4be40942ea4d92c74c63b844,0xaf88d065e77c8cc2239327c5edb3a432268e5831,2391069.68,0.9962786182172424,eUSD Arbitrum
2450001.0,0.5004,0x12275dcb9048680c4be40942ea4d92c74c63b844,0xaf88d065e77c8cc2239327c5edb3a432268e5831,2440563.96,0.9961481485109598,eUSD Arbitrum
2500001.0,0.5167,0x12275dcb9048680c4be40942ea4d92c74c63b844,0xaf88d065e77c8cc2239327c5edb3a432268e5831,2489968.6,0.9959870416051834,eUSD Arbitrum
2550001.0,0.5413,0x12275dcb9048680c4be40942ea4d92c74c63b844,0xaf88d065e77c8cc2239327c5edb3a432268e5831,2539158.23,0.9957479350008098,eUSD Arbitrum
2600001.0,0.5707,0x12275dcb9048680c4be40942ea4d92c74c63b844,0xaf88d065e77c8cc2239327c5edb3a432268e5831,2588193.9,0.9954588094389194,eUSD Arbitrum
2650001.0,0.6104,0x12275dcb9048680c4be40942ea4d92c74c63b844,0xaf88d065e77c8cc2239327c5edb3a432268e5831,2636925.6,0.9950658886543816,eUSD Arbitrum
2700001.0,0.6614,0x12275dcb9048680c4be40942ea4d92c74c63b844,0xaf88d065e77c8cc2239327c5edb3a432268e5831,2685315.32,0.994560861273755,eUSD Arbitrum
2750001.0,0.717,0x12275dcb9048680c4be40942ea4d92c74c63b844,0xaf88d065e77c8cc2239327c5edb3a432268e5831,2733520.48,0.9940070858156052,eUSD Arbitrum
2800001.0,0.8114,0x12275dcb9048680c4be40942ea4d92c74c63b844,0xaf88d065e77c8cc2239327c5edb3a432268e5831,2780599.15,0.9930707703318676,eUSD Arbitrum
2850001.0,0.9407,0x12275dcb9048680c4be40942ea4d92c74c63b844,0xaf88d065e77c8cc2239327c5edb3a432268e5831,2826578.98,0.9917817502520174,eUSD Arbitrum
2900001.0,1.1157,0x12275dcb9048680c4be40942ea4d92c74c63b844,0xaf88d065e77c8cc2239327c5edb3a432268e5831,2871102.61,0.9900350413672272,eUSD Arbitrum
2950001.0,1.3576,0x12275dcb9048680c4be40942ea4d92c74c63b844,0xaf88d065e77c8cc2239327c5edb3a432268e5831,2913471.52,0.987617129621312,eUSD Arbitrum
3000001.0,1.7081,0x12275dcb9048680c4be40942ea4d92c74c63b844,0xaf88d065e77c8cc2239327c5edb3a432268e5831,2952339.06,0.984112691962436,eUSD Arbitrum
3050001.0,2.1875,0x12275dcb9048680c4be40942ea4d92c74c63b844,0xaf88d065e77c8cc2239327c5edb3a432268e5831,2986913.27,0.9793155051424574,eUSD Arbitrum
3100001.0,2.8015,0x12275dcb9048680c4be40942ea4d92c74c63b844,0xaf88d065e77c8cc2239327c5edb3a432268e5831,3016804.97,0.9731625796249744,eUSD Arbitrum
3150001.0,3.4923,0x12275dcb9048680c4be40942ea4d92c74c63b844,0xaf88d065e77c8cc2239327c5edb3a432268e5831,3043680.97,0.9662476202388508,eUSD Arbitrum
3200001.0,4.3042,0x12275dcb9048680c4be40942ea4d92c74c63b844,0xaf88d065e77c8cc2239327c5edb3a432268e5831,3066022.77,0.9581318162088074,eUSD Arbitrum
3250001.0,5.1497,0x12275dcb9048680c4be40942ea4d92c74c63b844,0xaf88d065e77c8cc2239327c5edb3a432268e5831,3086501.61,0.9496925108638428,eUSD Arbitrum
3300001.0,6.0842,0x12275dcb9048680c4be40942ea4d92c74c63b844,0xaf88d065e77c8cc2239327c5edb3a432268e5831,3103134.75,0.940343578683764,eUSD Arbitrum
3350001.0,7.0098,0x12275dcb9048680c4be40942ea4d92c74c63b844,0xaf88d065e77c8cc2239327c5edb3a432268e5831,3119127.14,0.9310824504231492,eUSD Arbitrum
3400001.0,7.9879,0x12275dcb9048680c4be40942ea4d92c74c63b844,0xaf88d065e77c8cc2239327c5edb3a432268e5831,3132396.25,0.9212927437374284,eUSD Arbitrum
3450001.0,8.9846,0x12275dcb9048680c4be40942ea4d92c74c63b844,0xaf88d065e77c8cc2239327c5edb3a432268e5831,3144053.69,0.9113196459943056,eUSD Arbitrum
3500001.0,9.9864,0x12275dcb9048680c4be40942ea4d92c74c63b844,0xaf88d065e77c8cc2239327c5edb3a432268e5831,3154536.14,0.9012957824869192,eUSD Arbitrum
3550001.0,10.9849,0x12275dcb9048680c4be40942ea4d92c74c63b844,0xaf88d065e77c8cc2239327c5edb3a432268e5831,3164109.86,0.8912983010427321,eUSD Arbitrum
1.0,0.0002,0xcc7ff230365bd730ee4b352cc2492cedac49383e,0x833589fcd6edb6e08f4c7c32d4f71b54bda02913,1.05,1.05,hyUSD Base
50001.0,0.9,0xcc7ff230365bd730ee4b352cc2492cedac49383e,0x833589fcd6edb6e08f4c7c32d4f71b54bda02913,51887.55,1.037730245395092,hyUSD Base
100001.0,3.044,0xcc7ff230365bd730ee4b352cc2492cedac49383e,0x833589fcd6edb6e08f4c7c32d4f71b54bda02913,101560.85,1.01559834401656,hyUSD Base
150001.0,5.2927,0xcc7ff230365bd730ee4b352cc2492cedac49383e,0x833589fcd6edb6e08f4c7c32d4f71b54bda02913,148824.57,0.9921571856187624,hyUSD Base
200001.0,7.4437,0xcc7ff230365bd730ee4b352cc2492cedac49383e,0x833589fcd6edb6e08f4c7c32d4f71b54bda02913,193938.81,0.9696892015539922,hyUSD Base
250001.0,9.5357,0xcc7ff230365bd730ee4b352cc2492cedac49383e,0x833589fcd6edb6e08f4c7c32d4f71b54bda02913,236952.7,0.947807008771965,hyUSD Base
300001.0,11.5545,0xcc7ff230365bd730ee4b352cc2492cedac49383e,0x833589fcd6edb6e08f4c7c32d4f71b54bda02913,278004.63,0.9266790110699632,hyUSD Base
